{"cameraMode":{"drawMode":0,"name":"Shaded","section":"Shading Mode"},"sceneLighting":false,"audioPlay":false,"sceneViewState":{"m_AlwaysRefresh":false,"showFog":true,"showSkybox":false,"showFlares":true,"showImageEffects":true,"showParticleSystems":true,"showVisualEffectGraphs":true,"m_FxEnabled":true},"in2DMode":false,"pivot":{"x":-0.029999971389770509,"y":0.7599999904632568,"z":20.700000762939454},"rotation":{"x":-0.22303593158721925,"y":-0.024565603584051133,"z":0.0056228055618703369,"w":-0.9744871854782105},"size":1.7320507764816285,"orthographic":false}