{"cameraMode":{"drawMode":0,"name":"Shaded","section":"Shading Mode"},"sceneLighting":true,"audioPlay":false,"sceneViewState":{"m_AlwaysRefresh":false,"showFog":true,"showSkybox":true,"showFlares":true,"showImageEffects":true,"showParticleSystems":true,"showVisualEffectGraphs":true,"m_FxEnabled":true},"in2DMode":false,"pivot":{"x":-0.0299999862909317,"y":0.7599999904632568,"z":2.869999885559082},"rotation":{"x":-0.04796026274561882,"y":-0.02966495044529438,"z":0.0014250627718865872,"w":-0.9984084367752075},"size":15.118525505065918,"orthographic":false}